[{"projeto":"THiago","topico":"viab fianc","tarefa":"Prenchimento na Sessao","status":"Em andamento 1","início":"20m0","totalMinutos":20,"incluido":false},{"projeto":"","topico":"","tarefa":"","status":"Em andamento 1","início":"84m0","totalMinutos":84,"incluido":false},{"projeto":"THiago\t","topico":"Negocio 35%","tarefa":"Viab financ ok","status":"Em andamento 1","início":"84m0","totalMinutos":84,"incluido":false},{"projeto":"THiago\t","topico":"Negocio 35%","tarefa":"Viab financ  em desenvoilvimento","status":"Em andamento 1","início":"84m0","totalMinutos":84,"incluido":false},{"projeto":"THiago\t","topico":"Negocio 35%","tarefa":"Util 42min","status":"Em andamento 1","início":"42m0","totalMinutos":42,"incluido":false},{"projeto":"THiago\t","topico":"Negocio 35%","tarefa":"Util 42min","status":"Pausa 2","início":"42m0","totalMinutos":42,"incluido":false},{"projeto":"THiago\t24_04_16","topico":"Negocio 35%","tarefa":"Contexto Mapa","status":"Em andamento 1","início":"42m0","totalMinutos":42,"incluido":true},{"projeto":"THiago\t24_04_16","topico":"Negocio 35%","tarefa":"Contexto Mapa","status":"Em andamento 1","início":"2358m0","totalMinutos":2358,"incluido":false},{"projeto":"THiago\t24_04_16","topico":"Negocio 35%","tarefa":"Contexto Mapa 50 min","status":"Em andamento 1","início":"50m0","totalMinutos":50,"incluido":true},{"projeto":"THiago\t24_04_16","topico":"Negocio 35%","tarefa":"Exemplo Aboradagem   Prioridades e Objetivos50 min","status":"Em andamento 1","início":"60m0","totalMinutos":60,"incluido":false},{"projeto":"THiago\t24_04_16","topico":"Negocio 35%","tarefa":"Exemplo Aboradagem   Prioridades e Objetivos50 min Link no ZAP","status":"Em andamento 1","início":"52m0","totalMinutos":52,"incluido":true}]