{"items":[{"id":"negocio","value":"35","priority":"1","order":0},{"id":"nicho","value":"15","priority":"3","order":2},{"id":"ticket","value":"11","priority":"4","order":3},{"id":"base","value":"3","priority":"6","order":5},{"id":"assinantes","value":"0","priority":"0","order":6},{"id":"posicionamento","value":"4","priority":"5","order":4},{"id":"viabilidade","value":"0","priority":"0","order":7},{"id":"retencao","value":"0","priority":"0","order":8},{"id":"processos","value":"27","priority":"2","order":1},{"id":"trafego","value":"0","priority":"0","order":9}],"frequencia":"quinzenal","horas":"4"}